3080bf7a-82b0-4da9-9d51-5a55d5e61a3f,7e868a2d-f53f-492c-8ba1-dbaa28642c55
21eb60aa-f5e9-494c-9b79-9671c77aea7f,1f71e0eb-caf5-427b-8549-1d33d2dce2b5
3080bf7a-82b0-4da9-9d51-5a55d5e61a3f,60606bc6-6ad9-4079-b827-1fd893bcbc1d
3080bf7a-82b0-4da9-9d51-5a55d5e61a3f,bdf8b71c-16de-48ed-9044-d93c87c45bcc
3080bf7a-82b0-4da9-9d51-5a55d5e61a3f,de70c0cf-af70-43c1-8355-1bd12ed8c7a6
3080bf7a-82b0-4da9-9d51-5a55d5e61a3f,4e750ee3-6aa3-4518-831a-6bd2eabff7f9
3080bf7a-82b0-4da9-9d51-5a55d5e61a3f,8614c6a8-8f3d-4325-806d-8b675e815ef5
3080bf7a-82b0-4da9-9d51-5a55d5e61a3f,54eb07de-6e83-439f-9a54-696f64b55569
3080bf7a-82b0-4da9-9d51-5a55d5e61a3f,ff7b4eee-126d-4201-b8f6-48ccfbb2e097
3080bf7a-82b0-4da9-9d51-5a55d5e61a3f,bd2f371b-3edf-4294-874e-3f08e2c15db0
3080bf7a-82b0-4da9-9d51-5a55d5e61a3f,2ce6a8a8-3165-4f61-9f0e-6947dee61517
3080bf7a-82b0-4da9-9d51-5a55d5e61a3f,06dd1dc5-580e-414d-88af-c77b77a85fb7
3080bf7a-82b0-4da9-9d51-5a55d5e61a3f,8b9b842b-5b06-40ed-939e-3b523063711b
3080bf7a-82b0-4da9-9d51-5a55d5e61a3f,acd86b72-b5a0-4cb2-8961-49b58f15fc49
21eb60aa-f5e9-494c-9b79-9671c77aea7f,eb415da8-ca25-4842-9e69-a1db8a94a71f
3080bf7a-82b0-4da9-9d51-5a55d5e61a3f,9be93f2e-1599-4eb0-b103-ce5faed8d913
3080bf7a-82b0-4da9-9d51-5a55d5e61a3f,4ed031f6-8495-4cd8-8ad2-0bbfd625c2a8
3080bf7a-82b0-4da9-9d51-5a55d5e61a3f,d0486349-f183-4c01-b907-fd4bd2504be5
3080bf7a-82b0-4da9-9d51-5a55d5e61a3f,e1dab812-632b-43f0-8d54-3ff224d55687
3080bf7a-82b0-4da9-9d51-5a55d5e61a3f,7cf2cc62-27e6-433f-934d-7c3c2de10adf
3080bf7a-82b0-4da9-9d51-5a55d5e61a3f,d3b04382-b18c-47a1-92bf-d8d8bb8ceb3c
3080bf7a-82b0-4da9-9d51-5a55d5e61a3f,4d6bee9a-9cf2-4308-bd8b-5d3ec32289d0
3080bf7a-82b0-4da9-9d51-5a55d5e61a3f,9049fbf8-354e-42e0-9c9c-c09954e5b5d5
3080bf7a-82b0-4da9-9d51-5a55d5e61a3f,e544d8e3-6d57-4a56-bdd9-b7589e0fffe0
3080bf7a-82b0-4da9-9d51-5a55d5e61a3f,df19d787-811b-4a41-a845-4e87967d170c
3080bf7a-82b0-4da9-9d51-5a55d5e61a3f,3838acd2-520a-4a29-be87-b36a076cf58e
3080bf7a-82b0-4da9-9d51-5a55d5e61a3f,e16d998e-d89d-4ed1-9f07-84337b5d9f8d
3080bf7a-82b0-4da9-9d51-5a55d5e61a3f,c1151a95-46f1-4a89-8f89-9318726837ba
3080bf7a-82b0-4da9-9d51-5a55d5e61a3f,28477e52-52aa-410c-8475-2f37e77b506f
21eb60aa-f5e9-494c-9b79-9671c77aea7f,5df810ea-8b65-4599-ac88-643150a1ca83
3080bf7a-82b0-4da9-9d51-5a55d5e61a3f,a77c6385-0388-48ce-b060-5a1a47624a45
3080bf7a-82b0-4da9-9d51-5a55d5e61a3f,5170c420-462c-43ef-84da-a385241a03d4
3080bf7a-82b0-4da9-9d51-5a55d5e61a3f,33bd04ee-90be-4f60-a397-4dd42a681bf5
21eb60aa-f5e9-494c-9b79-9671c77aea7f,273a9d27-90dd-45b5-8269-5e2daf542cad
3080bf7a-82b0-4da9-9d51-5a55d5e61a3f,13632f74-16a5-4197-baa3-d7c679ed10aa
3080bf7a-82b0-4da9-9d51-5a55d5e61a3f,e4380cde-8607-48e5-baff-463b56d83208
3080bf7a-82b0-4da9-9d51-5a55d5e61a3f,dec1c517-3187-4c0a-9151-9e85767f73c4
21eb60aa-f5e9-494c-9b79-9671c77aea7f,e6f15b49-8fce-4aca-9716-cdaad8e06879
3080bf7a-82b0-4da9-9d51-5a55d5e61a3f,1ba083bc-10c4-4e30-a1ae-e57e45108401
3080bf7a-82b0-4da9-9d51-5a55d5e61a3f,b8da37fb-d18c-4bc7-905f-8f91609050ea
3080bf7a-82b0-4da9-9d51-5a55d5e61a3f,924c0760-8ec2-47fe-ba31-0493581a5c09
3080bf7a-82b0-4da9-9d51-5a55d5e61a3f,2d3bcc46-9ec3-44d3-a220-889677d062c7
3080bf7a-82b0-4da9-9d51-5a55d5e61a3f,89e36577-4188-45b5-b377-d628495c32c4
3080bf7a-82b0-4da9-9d51-5a55d5e61a3f,fa02e4f3-663f-41e2-8e79-36b3c2a7e8d9
21eb60aa-f5e9-494c-9b79-9671c77aea7f,d50f7012-b090-4c6f-b1aa-21cafb5528dd
21eb60aa-f5e9-494c-9b79-9671c77aea7f,3ca31ac9-6f5f-4f52-ae4b-38a9ccfdf3b2
3080bf7a-82b0-4da9-9d51-5a55d5e61a3f,d9a940c7-8fe4-453a-be6a-efc62a051044
3080bf7a-82b0-4da9-9d51-5a55d5e61a3f,07a83601-710d-411f-948b-ed1fc5d1c631
3080bf7a-82b0-4da9-9d51-5a55d5e61a3f,c93103b2-91f3-4c95-903d-f6ff6fce1013
3080bf7a-82b0-4da9-9d51-5a55d5e61a3f,dd5a0f5e-f35e-4b5f-8118-6f59c0403e40
3080bf7a-82b0-4da9-9d51-5a55d5e61a3f,a9c4f244-1fb5-48bc-bc84-a857edc60d0d
3080bf7a-82b0-4da9-9d51-5a55d5e61a3f,8a62a651-191b-4e84-a7c1-a55ce4ba475d
3080bf7a-82b0-4da9-9d51-5a55d5e61a3f,925d8600-bed2-48a9-9598-04dda092abd6
3080bf7a-82b0-4da9-9d51-5a55d5e61a3f,984d5cd2-0628-4e79-b604-1f1e6cf1eac0
3080bf7a-82b0-4da9-9d51-5a55d5e61a3f,31b7db56-ae4b-4d5e-b966-ff5dc141ba20
21eb60aa-f5e9-494c-9b79-9671c77aea7f,ea7e584c-9ca0-4b73-877c-f030da961440
3080bf7a-82b0-4da9-9d51-5a55d5e61a3f,fcb805aa-d5c2-470b-b50b-0198af59dfc6
3080bf7a-82b0-4da9-9d51-5a55d5e61a3f,6b1cf64e-14f5-4253-89a7-7e4f820b9635
3080bf7a-82b0-4da9-9d51-5a55d5e61a3f,b2d97799-3826-4b2d-9c49-9f55f7065095
3080bf7a-82b0-4da9-9d51-5a55d5e61a3f,44726745-438f-43cc-8a84-727ebaa1c5a4
3080bf7a-82b0-4da9-9d51-5a55d5e61a3f,5b440491-9486-428f-b4bb-f61ef5786620
3080bf7a-82b0-4da9-9d51-5a55d5e61a3f,28f8949a-adb8-4109-9b6a-14455ecf0c43
3080bf7a-82b0-4da9-9d51-5a55d5e61a3f,80f39d86-8efb-46ab-b605-449938a72b24
3080bf7a-82b0-4da9-9d51-5a55d5e61a3f,bd2e7c15-4fa8-4543-bc73-dafc367ef729
3080bf7a-82b0-4da9-9d51-5a55d5e61a3f,7b1393ac-0179-4821-b2bf-48f94372a884
3080bf7a-82b0-4da9-9d51-5a55d5e61a3f,44995915-919f-4c69-9ad1-a14dc60dac0c
3080bf7a-82b0-4da9-9d51-5a55d5e61a3f,7f339659-cc9a-487d-bf68-9be124a086bf
3080bf7a-82b0-4da9-9d51-5a55d5e61a3f,800fa348-5a5e-43bd-9f76-1a88ad487676
3080bf7a-82b0-4da9-9d51-5a55d5e61a3f,c9fcf1e9-cd91-499c-b59e-bf804b1f94e3
3080bf7a-82b0-4da9-9d51-5a55d5e61a3f,13cb4161-ae96-40a9-a315-2415dcbfa583
3080bf7a-82b0-4da9-9d51-5a55d5e61a3f,cdc05100-1622-4c7b-87a3-6c4e6f638ce5
3080bf7a-82b0-4da9-9d51-5a55d5e61a3f,c1315cc9-aaeb-46e6-96a3-7b9578a346e7
3080bf7a-82b0-4da9-9d51-5a55d5e61a3f,71877eab-386c-4c4e-a8fd-734c6fd3a834
21eb60aa-f5e9-494c-9b79-9671c77aea7f,3c4ce469-001b-4013-b59d-aa438ff9fcac
3080bf7a-82b0-4da9-9d51-5a55d5e61a3f,11085406-07aa-4976-a3ff-1c46d7d8d5ce
3080bf7a-82b0-4da9-9d51-5a55d5e61a3f,6ac7f6ac-6e34-4d28-bd49-b25976061786
3080bf7a-82b0-4da9-9d51-5a55d5e61a3f,963ceeac-27ea-4e2c-acdf-38c46f109eba
3080bf7a-82b0-4da9-9d51-5a55d5e61a3f,cc48a51c-e6aa-4e74-9c21-03e54d30c096
3080bf7a-82b0-4da9-9d51-5a55d5e61a3f,56bbb297-975b-49d9-92f5-ffa313b7fb59
21eb60aa-f5e9-494c-9b79-9671c77aea7f,4f3de6a8-ca9b-42d4-b96e-02155d80807f
21eb60aa-f5e9-494c-9b79-9671c77aea7f,6ccadd21-e930-4f42-bdeb-1876c3ddcce0
3080bf7a-82b0-4da9-9d51-5a55d5e61a3f,e1fac597-dbf2-4933-ba19-4006f6a3c4d5
3080bf7a-82b0-4da9-9d51-5a55d5e61a3f,c4ddc2d0-df5c-413d-825d-8b202a178a26
3080bf7a-82b0-4da9-9d51-5a55d5e61a3f,94c0bf6c-87fb-43e3-8bf7-217a16a0710d
21eb60aa-f5e9-494c-9b79-9671c77aea7f,0132e4de-ce74-440e-aca0-2379bac53e5e
3080bf7a-82b0-4da9-9d51-5a55d5e61a3f,d8392eab-c768-4b41-9a45-8bac172a05b3
3080bf7a-82b0-4da9-9d51-5a55d5e61a3f,2ff89c3a-34c4-4f23-850c-6d3f8fed8d97
3080bf7a-82b0-4da9-9d51-5a55d5e61a3f,ba902b55-2a11-4e4d-b2b3-74960df48fb3
3080bf7a-82b0-4da9-9d51-5a55d5e61a3f,47d18180-79b9-4326-9157-95249ee30ec3
3080bf7a-82b0-4da9-9d51-5a55d5e61a3f,5f3889b7-60fb-43b3-9026-5e396b19d9b2
3080bf7a-82b0-4da9-9d51-5a55d5e61a3f,8b4b29f1-8d58-4e36-ad0b-7b80f7fbbf58
3080bf7a-82b0-4da9-9d51-5a55d5e61a3f,2817cf4c-4d9e-4d96-b482-66ffc2dbf010
3080bf7a-82b0-4da9-9d51-5a55d5e61a3f,f95282a8-fee8-4209-80b7-76a8229ea0cc
3080bf7a-82b0-4da9-9d51-5a55d5e61a3f,a800b71f-e2a2-4894-8bb4-eed89301e6ce
3080bf7a-82b0-4da9-9d51-5a55d5e61a3f,c42da2ec-3d03-44d0-84b0-b3f12e3e3b62
3080bf7a-82b0-4da9-9d51-5a55d5e61a3f,511aed8b-3714-42a7-98cd-48e9ac3b1e8f
3080bf7a-82b0-4da9-9d51-5a55d5e61a3f,7c194e7a-56c2-4c08-9e96-3189fb1c3964
3080bf7a-82b0-4da9-9d51-5a55d5e61a3f,14366d49-e2c1-41b4-bea3-43f3dccc1712
3080bf7a-82b0-4da9-9d51-5a55d5e61a3f,b955744d-b857-44ab-8b5b-1c1cc5582a19