b955744d-b857-44ab-8b5b-1c1cc5582a19,Shannon Hall,choitina,&w$WB8vex6kX,hrose@perez-curtis.net,https://www.lorempixel.com/388/686,admin,active,2024-10-25 19:24:46.721,2024-11-03 21:46:02.318
1ba083bc-10c4-4e30-a1ae-e57e45108401,Bailey Porter,mccartyjeremy,(N1nPLk2zbW!,cassandra96@ryan.com,https://placekitten.com/480/665,player,active,2024-10-25 19:24:46.721,2024-11-03 21:46:02.318
b8da37fb-d18c-4bc7-905f-8f91609050ea,Linda Smith,mary21,N%0Yw$!t#GnO,gabrielle69@gonzalez.biz,https://placeimg.com/807/483/any,admin,active,2024-10-25 19:24:46.721,2024-11-03 21:46:02.318
7e868a2d-f53f-492c-8ba1-dbaa28642c55,Juan Clarke,april84,8^VV97MgnjE$,sarah13@hotmail.com,https://placeimg.com/843/852/any,admin,active,2024-10-25 19:24:46.721,2024-11-03 21:46:02.318
1f71e0eb-caf5-427b-8549-1d33d2dce2b5,Natalie Martinez,sarah67,Gof5CcU)*4at,collinsmichelle@gmail.com,https://dummyimage.com/247x915,admin,active,2024-10-25 19:24:46.721,2024-11-03 21:46:02.318
60606bc6-6ad9-4079-b827-1fd893bcbc1d,Courtney Moon,kirkwilcox,g(02Fc%+seT3,kristinafletcher@hardy.com,https://dummyimage.com/410x679,player,active,2024-10-25 19:24:46.721,2024-11-03 21:46:02.318
bdf8b71c-16de-48ed-9044-d93c87c45bcc,Sheila Mason,mreed,(4RoGsj$Yp40,griley@potter.org,https://placekitten.com/898/34,player,active,2024-10-25 19:24:46.721,2024-11-03 21:46:02.318
de70c0cf-af70-43c1-8355-1bd12ed8c7a6,Norma Cooke,alexanderalexis,mi6EiAAbr!7N,reillymichael@gmail.com,https://dummyimage.com/424x35,player,active,2024-10-25 19:24:46.721,2024-11-03 21:46:02.318
4e750ee3-6aa3-4518-831a-6bd2eabff7f9,Christopher Stewart,susan93,TX@kIO6e8_Eq,lschneider@mueller.net,https://placekitten.com/694/448,player,active,2024-10-25 19:24:46.721,2024-11-03 21:46:02.318
8614c6a8-8f3d-4325-806d-8b675e815ef5,Victor Alvarez,kellydickson,)0Kg8aZIKhm%,teresaruiz@hotmail.com,https://placeimg.com/655/131/any,admin,active,2024-10-25 19:24:46.721,2024-11-03 21:46:02.318
54eb07de-6e83-439f-9a54-696f64b55569,James Olson,lisamueller,b(9iDi%zos8&,heather49@hotmail.com,https://dummyimage.com/849x496,player,active,2024-10-25 19:24:46.721,2024-11-03 21:46:02.318
ff7b4eee-126d-4201-b8f6-48ccfbb2e097,Robert Meyers,lewisjohn,!TnYi1Fcj*9v,torreskathleen@gmail.com,https://www.lorempixel.com/528/648,admin,active,2024-10-25 19:24:46.721,2024-11-03 21:46:02.318
bd2f371b-3edf-4294-874e-3f08e2c15db0,Marvin Brown,bestjamie,H2c8UILs#dG7,smay@harrell.com,https://www.lorempixel.com/230/52,admin,active,2024-10-25 19:24:46.721,2024-11-03 21:46:02.318
2ce6a8a8-3165-4f61-9f0e-6947dee61517,Dylan Kemp,clarkmandy,!#$T47ouVVpZ,silvaalexandra@gmail.com,https://placeimg.com/321/979/any,admin,active,2024-10-25 19:24:46.721,2024-11-03 21:46:02.318
06dd1dc5-580e-414d-88af-c77b77a85fb7,Madison Clark,christopherking,u(%Sqy)0ny0G,snelson@harrington-spence.com,https://www.lorempixel.com/409/10,admin,active,2024-10-25 19:24:46.721,2024-11-03 23:09:53.459
8b9b842b-5b06-40ed-939e-3b523063711b,James Williams,megankaiser,(WO^M8!t(1p4,carrmichelle@smith.com,https://placeimg.com/254/1007/any,admin,active,2024-10-25 19:24:46.721,2024-11-03 22:17:27.641
acd86b72-b5a0-4cb2-8961-49b58f15fc49,Louis Miller,donovanstacy,VB0AOHg)(c3i,singhamy@yahoo.com,https://placeimg.com/630/775/any,admin,active,2024-10-25 19:24:46.721,2024-11-03 23:06:54.516
eb415da8-ca25-4842-9e69-a1db8a94a71f,Ronald Oconnor,alexandrakey,$nXF$lf(6&Lk,sharon36@gmail.com,https://placeimg.com/133/625/any,player,active,2024-10-25 19:24:46.721,2024-11-03 22:16:35.997
9be93f2e-1599-4eb0-b103-ce5faed8d913,Kelly Patterson,loriwhite,^bh4ZqW_azLc,wrightjose@hotmail.com,https://www.lorempixel.com/252/295,admin,active,2024-10-25 19:24:46.721,2024-11-03 22:23:10.285
4ed031f6-8495-4cd8-8ad2-0bbfd625c2a8,David Morgan,dustin99,h&w1JNkKsg58,ncalderon@gmail.com,https://www.lorempixel.com/276/1009,admin,active,2024-10-25 19:24:46.721,2024-11-03 22:31:39.727
d0486349-f183-4c01-b907-fd4bd2504be5,Mary Smith,caleb33,#gdkkwb++2KV,edominguez@donovan-house.com,https://dummyimage.com/807x712,admin,active,2024-10-25 19:24:46.721,2024-11-03 22:31:54.706
e1dab812-632b-43f0-8d54-3ff224d55687,Nancy Jones,marychen,7wBTnyN2Y+0z,stevensonhunter@gmail.com,https://placeimg.com/144/41/any,admin,active,2024-10-25 19:24:46.72,2024-11-03 22:32:11.559
7cf2cc62-27e6-433f-934d-7c3c2de10adf,Sara Allen,andersoneric,WzoevYQK3)6r,ricejohn@hotmail.com,https://dummyimage.com/69x638,admin,active,2024-10-25 19:24:46.721,2024-11-03 22:35:23.004
d3b04382-b18c-47a1-92bf-d8d8bb8ceb3c,Wendy Munoz,garciaspencer,@7Rk@nt^24*S,njames@hotmail.com,https://www.lorempixel.com/802/539,admin,active,2024-10-25 19:24:46.721,2024-11-03 22:50:40.398
4d6bee9a-9cf2-4308-bd8b-5d3ec32289d0,Bryan Greene,amberbyrd,e@k2M)yn*zU^,grahamdave@yahoo.com,https://placekitten.com/843/10,player,active,2024-10-25 19:24:46.721,2024-11-03 23:04:30.123
9049fbf8-354e-42e0-9c9c-c09954e5b5d5,Jamie Aguirre,mary70,@xBuQKru4e6n,rebecca67@hotmail.com,https://dummyimage.com/944x684,player,active,2024-10-25 19:24:46.721,2024-11-03 22:51:12.065
e544d8e3-6d57-4a56-bdd9-b7589e0fffe0,Joshua Molina,dellison,%6axTinQxV@9,kimgilmore@yahoo.com,https://www.lorempixel.com/825/398,admin,active,2024-10-25 19:24:46.72,2024-11-03 23:04:42.673
df19d787-811b-4a41-a845-4e87967d170c,Steven Hardin,fitzgeraldmark,VHX2mHaL5((J,paula43@gmail.com,https://www.lorempixel.com/911/894,admin,active,2024-10-25 19:24:46.721,2024-11-03 23:11:35.593
3838acd2-520a-4a29-be87-b36a076cf58e,James Allen,victor34,&9idcIdnA73W,brodriguez@yahoo.com,https://placekitten.com/677/893,player,active,2024-10-25 19:24:46.721,2024-11-03 23:11:47.453
e16d998e-d89d-4ed1-9f07-84337b5d9f8d,Michael Williamson,vmorris,^uPWTh5hO21*,ryan20@hotmail.com,https://placeimg.com/972/1018/any,player,active,2024-10-25 19:24:46.721,2024-11-03 21:46:02.318
c1151a95-46f1-4a89-8f89-9318726837ba,Christina Scott,rflowers,)ZOuv8lGe3W8,flewis@flynn.com,https://www.lorempixel.com/65/449,admin,active,2024-10-25 19:24:46.721,2024-11-03 21:46:02.318
28477e52-52aa-410c-8475-2f37e77b506f,Jeremy Hancock,brandon62,E0YuotND$E*F,anthonyjones@ruiz.biz,https://placekitten.com/775/402,admin,active,2024-10-25 19:24:46.721,2024-11-03 21:46:02.318
5df810ea-8b65-4599-ac88-643150a1ca83,Garrett Dean,wmaddox,2xYuKTow*$ds,levineevan@zuniga.com,https://dummyimage.com/903x4,admin,active,2024-10-25 19:24:46.721,2024-11-03 21:46:02.318
a77c6385-0388-48ce-b060-5a1a47624a45,Melissa Smith,carolinesmith,jfeiM0D+%9TE,mmorris@nichols-roberts.net,https://www.lorempixel.com/202/416,player,active,2024-10-25 19:24:46.721,2024-11-03 21:46:02.318
5170c420-462c-43ef-84da-a385241a03d4,Sara Terry,fmiller,%FW5kw6gq5jL,xnguyen@martin.com,https://www.lorempixel.com/847/620,player,active,2024-10-25 19:24:46.721,2024-11-03 21:46:02.318
33bd04ee-90be-4f60-a397-4dd42a681bf5,Suzanne Gonzalez,jeremiah63,*gzQVpF+#8E2,nancyburton@baxter.info,https://placeimg.com/936/893/any,admin,active,2024-10-25 19:24:46.721,2024-11-03 21:46:02.318
273a9d27-90dd-45b5-8269-5e2daf542cad,Nicole Edwards,yjones,V4!B31cn!8X^,hurleybarbara@sullivan-brown.com,https://dummyimage.com/466x134,player,active,2024-10-25 19:24:46.721,2024-11-03 21:46:02.318
13632f74-16a5-4197-baa3-d7c679ed10aa,David Jones,brucepruitt,Jsl)C$Na!5Ht,myerstracey@hotmail.com,https://dummyimage.com/312x320,player,active,2024-10-25 19:24:46.722,2024-11-03 21:46:02.318
e4380cde-8607-48e5-baff-463b56d83208,Ashley Sims,mendozaallison,5qZ8s^Ec!U33,phoffman@gmail.com,https://dummyimage.com/443x636,admin,active,2024-10-25 19:24:46.722,2024-11-03 21:46:02.318
dec1c517-3187-4c0a-9151-9e85767f73c4,Allison Flores,jesserodriguez,ePo#Cw$u94Ln,melissa72@joseph.com,https://placekitten.com/42/700,player,active,2024-10-25 19:24:46.722,2024-11-03 21:46:02.318
e6f15b49-8fce-4aca-9716-cdaad8e06879,Hayley Kline,juliewilliams,)85LrWBcBi2L,kevin32@gmail.com,https://dummyimage.com/264x472,admin,active,2024-10-25 19:24:46.722,2024-11-03 21:46:02.318
924c0760-8ec2-47fe-ba31-0493581a5c09,Walter Ford,garrisonjudy,OdU63Xtm!7GS,charlesrivera@gmail.com,https://placeimg.com/458/381/any,player,active,2024-10-25 19:24:46.722,2024-11-03 21:46:02.318
2d3bcc46-9ec3-44d3-a220-889677d062c7,Karen Hale,nathan16,E^AO&Ccdhl3K,finleyjessica@hotmail.com,https://www.lorempixel.com/225/371,player,active,2024-10-25 19:24:46.722,2024-11-03 21:46:02.318
89e36577-4188-45b5-b377-d628495c32c4,Joshua Parrish,asanchez,6B9BybDu%3Y9,lisagalloway@yahoo.com,https://dummyimage.com/676x315,admin,active,2024-10-25 19:24:46.722,2024-11-03 21:46:02.318
fa02e4f3-663f-41e2-8e79-36b3c2a7e8d9,Jordan Rodriguez,cwalsh,J^n2GNKmR2q3,abowen@hotmail.com,https://dummyimage.com/848x739,player,active,2024-10-25 19:24:46.722,2024-11-03 21:46:02.318
d50f7012-b090-4c6f-b1aa-21cafb5528dd,Nicole Liu,sean34,^v)!57RjW#y9,thomas12@stewart.org,https://dummyimage.com/409x136,admin,active,2024-10-25 19:24:46.722,2024-11-03 21:46:02.318
3ca31ac9-6f5f-4f52-ae4b-38a9ccfdf3b2,Nancy Douglas,murrayjoshua,%a7Ys!5mR0)c,sheila77@yahoo.com,https://www.lorempixel.com/509/607,admin,active,2024-10-25 19:24:46.722,2024-11-03 21:46:02.318
d9a940c7-8fe4-453a-be6a-efc62a051044,Michael Mcneil,vwalton,g%TK7Wv*1s69,smithcheryl@yahoo.com,https://placekitten.com/145/346,admin,active,2024-10-25 19:24:46.722,2024-11-03 21:46:02.318
07a83601-710d-411f-948b-ed1fc5d1c631,Jorge Burns,jennifer04,F82Ta3aj^LHZ,jimenezelizabeth@love.biz,https://www.lorempixel.com/635/963,admin,active,2024-10-25 19:24:46.722,2024-11-03 21:46:02.318
c93103b2-91f3-4c95-903d-f6ff6fce1013,Mrs. Jennifer Brown,joshuacoffey,*53gFFPsqdtH,mrodriguez@maddox-smith.com,https://www.lorempixel.com/694/292,admin,active,2024-10-25 19:24:46.722,2024-11-03 21:46:02.318
dd5a0f5e-f35e-4b5f-8118-6f59c0403e40,Joy Bell,lisajefferson,@9nWPh4+dwzY,autumn33@hotmail.com,https://placeimg.com/123/1002/any,admin,active,2024-10-25 19:24:46.722,2024-11-03 21:46:02.318
a9c4f244-1fb5-48bc-bc84-a857edc60d0d,Phillip Smith,mark51,eg2RKt^0ZOR#,qstout@gmail.com,https://www.lorempixel.com/559/686,admin,active,2024-10-25 19:24:46.722,2024-11-03 21:46:02.318
8a62a651-191b-4e84-a7c1-a55ce4ba475d,Angela Gonzalez,elizabeth46,A5LG6bTA)Ld9,thompsonelijah@gilmore.net,https://placekitten.com/437/466,player,active,2024-10-25 19:24:46.722,2024-11-03 21:46:02.318
925d8600-bed2-48a9-9598-04dda092abd6,David Harris,vrobinson,v($u71UHFpKm,ldonaldson@wood.biz,https://www.lorempixel.com/790/155,admin,active,2024-10-25 19:24:46.722,2024-11-03 21:46:02.318
984d5cd2-0628-4e79-b604-1f1e6cf1eac0,Holly Carpenter,dustinhodge,Px4oJaZs)y)L,salasapril@delgado-campbell.com,https://dummyimage.com/1008x672,player,active,2024-10-25 19:24:46.722,2024-11-03 21:46:02.318
31b7db56-ae4b-4d5e-b966-ff5dc141ba20,Brandon Franco DDS,nelsonpatricia,yT4^qBRnB7yX,geoffreystevens@carlson.com,https://placekitten.com/524/269,admin,active,2024-10-25 19:24:46.722,2024-11-03 21:46:02.318
ea7e584c-9ca0-4b73-877c-f030da961440,Darrell Compton,reneewallace,iE5&wA4pK@KM,nguyenann@gmail.com,https://placeimg.com/765/873/any,player,active,2024-10-25 19:24:46.722,2024-11-03 21:46:02.318
fcb805aa-d5c2-470b-b50b-0198af59dfc6,Brandon Gray,cynthia59,_d8)fsTunP+2,michelle31@yahoo.com,https://www.lorempixel.com/743/284,player,active,2024-10-25 19:24:46.722,2024-11-03 21:46:02.318
6b1cf64e-14f5-4253-89a7-7e4f820b9635,Emma Howard,tlee,W_4vH3r^VB@G,andersontravis@hotmail.com,https://dummyimage.com/245x978,admin,active,2024-10-25 19:24:46.722,2024-11-03 21:46:02.318
b2d97799-3826-4b2d-9c49-9f55f7065095,Deborah Combs,camposfrank,!#9N(njY_0&M,cainanthony@hotmail.com,https://www.lorempixel.com/530/267,admin,active,2024-10-25 19:24:46.722,2024-11-03 21:46:02.318
44726745-438f-43cc-8a84-727ebaa1c5a4,Rebecca Ferguson,stephen99,^fVuFx_ww1Hy,joshuaaguilar@wood.com,https://placekitten.com/306/87,player,active,2024-10-25 19:24:46.722,2024-11-03 21:46:02.318
5b440491-9486-428f-b4bb-f61ef5786620,Judy Rose,mmontgomery,w_()Wvv^#Ht3,crystal53@davis.com,https://www.lorempixel.com/423/575,player,active,2024-10-25 19:24:46.722,2024-11-03 21:46:02.318
28f8949a-adb8-4109-9b6a-14455ecf0c43,Angie Shaw,todd10,B9TlZ^(K_9Em,charles03@gmail.com,https://www.lorempixel.com/498/514,admin,active,2024-10-25 19:24:46.722,2024-11-03 21:46:02.318
80f39d86-8efb-46ab-b605-449938a72b24,Rachel Spears,bernardnancy,n*7RwC2cdynB,yblake@yahoo.com,https://www.lorempixel.com/330/712,admin,active,2024-10-25 19:24:46.722,2024-11-03 21:46:02.318
bd2e7c15-4fa8-4543-bc73-dafc367ef729,Courtney Casey,mooreamanda,P6RD3Cly8S8(,jesus66@hotmail.com,https://www.lorempixel.com/366/190,player,active,2024-10-25 19:24:46.722,2024-11-03 21:46:02.318
7b1393ac-0179-4821-b2bf-48f94372a884,Jennifer Weaver,henry79,#YE!^ydp*2hQ,katie02@gmail.com,https://dummyimage.com/973x781,admin,active,2024-10-25 19:24:46.722,2024-11-03 21:46:02.318
44995915-919f-4c69-9ad1-a14dc60dac0c,Caleb Phillips,jillscott,G!Ls$3SmIwjc,nicole42@yahoo.com,https://dummyimage.com/966x76,player,active,2024-10-25 19:24:46.722,2024-11-03 21:46:02.318
7f339659-cc9a-487d-bf68-9be124a086bf,Michael Ray,wilsonrobert,C7mAGhFL&lMl,cgreen@hotmail.com,https://www.lorempixel.com/368/264,admin,active,2024-10-25 19:24:46.722,2024-11-03 21:46:02.318
800fa348-5a5e-43bd-9f76-1a88ad487676,Tabitha Barrera,tiffany61,F7zSsIim46Y!,seancochran@yahoo.com,https://placekitten.com/604/708,player,active,2024-10-25 19:24:46.722,2024-11-03 21:46:02.318
c9fcf1e9-cd91-499c-b59e-bf804b1f94e3,Jose Diaz,patricktrujillo,YQy*Ua@o!nI8,rachel48@gmail.com,https://placekitten.com/765/341,player,active,2024-10-25 19:24:46.722,2024-11-03 21:46:02.318
13cb4161-ae96-40a9-a315-2415dcbfa583,Chloe Wong,wrightjuan,%@3GZQCi7BlW,jasonlong@gmail.com,https://placekitten.com/114/666,player,active,2024-10-25 19:24:46.722,2024-11-03 21:46:02.318
cdc05100-1622-4c7b-87a3-6c4e6f638ce5,Kristie Jenkins,martinphillip,*c&(9WfS73^M,tbrown@mann.com,https://placeimg.com/543/520/any,admin,active,2024-10-25 19:24:46.722,2024-11-03 21:46:02.318
c1315cc9-aaeb-46e6-96a3-7b9578a346e7,Michael Wall,wrightcory,!aLuvY!eW3VL,msmith@gmail.com,https://dummyimage.com/946x588,player,active,2024-10-25 19:24:46.722,2024-11-03 21:46:02.318
71877eab-386c-4c4e-a8fd-734c6fd3a834,Justin Roman,rosebrittney,^kdBqXC+r94E,herrerachristine@bryan-ellis.com,https://placekitten.com/258/189,admin,active,2024-10-25 19:24:46.722,2024-11-03 21:46:02.318
3c4ce469-001b-4013-b59d-aa438ff9fcac,Jennifer Cobb,johnsonnancy,R#sGST$yx&0^,ocooper@williams.com,https://placeimg.com/2/995/any,player,active,2024-10-25 19:24:46.722,2024-11-03 21:46:02.318
11085406-07aa-4976-a3ff-1c46d7d8d5ce,William Walker,coxamber,5j34mRlne_y0,bmartinez@travis-hampton.com,https://www.lorempixel.com/557/298,player,active,2024-10-25 19:24:46.722,2024-11-03 21:46:02.318
6ac7f6ac-6e34-4d28-bd49-b25976061786,Kathryn Zamora,vdixon,7tWpo9ks^9AP,vmiller@clark.com,https://placeimg.com/80/305/any,admin,active,2024-10-25 19:24:46.723,2024-11-03 21:46:02.318
963ceeac-27ea-4e2c-acdf-38c46f109eba,Monique French,raymond26,!XGy9PuyN2lx,hilloscar@hotmail.com,https://dummyimage.com/540x936,player,active,2024-10-25 19:24:46.723,2024-11-03 21:46:02.318
cc48a51c-e6aa-4e74-9c21-03e54d30c096,Stephen Thompson,gutierrezkaren,ahN6I6+D(4L5,daniellesmith@yahoo.com,https://placeimg.com/588/630/any,admin,active,2024-10-25 19:24:46.723,2024-11-03 21:46:02.318
56bbb297-975b-49d9-92f5-ffa313b7fb59,Stephanie Baird,derrick59,(UDv4r5Al0cX,gabriel89@wells.com,https://placeimg.com/549/472/any,admin,active,2024-10-25 19:24:46.723,2024-11-03 21:46:02.318
4f3de6a8-ca9b-42d4-b96e-02155d80807f,Rhonda Cortez,charles43,jC9mJSID!9$Q,mckenziebobby@robbins.com,https://dummyimage.com/917x744,player,active,2024-10-25 19:24:46.723,2024-11-03 21:46:02.318
6ccadd21-e930-4f42-bdeb-1876c3ddcce0,Jeffrey Johnson,sparksandrea,vRHHK1Ib9w@j,hendersonpeter@hotmail.com,https://www.lorempixel.com/195/599,player,active,2024-10-25 19:24:46.723,2024-11-03 21:46:02.318
e1fac597-dbf2-4933-ba19-4006f6a3c4d5,Donald James,daniel82,dmH3A7*jY*S!,yrivera@cuevas.com,https://placekitten.com/357/140,player,active,2024-10-25 19:24:46.723,2024-11-03 21:46:02.318
c4ddc2d0-df5c-413d-825d-8b202a178a26,Michael Hull,wharper,X+2G8jhtPeD6,gibsonjessica@hotmail.com,https://www.lorempixel.com/294/521,admin,active,2024-10-25 19:24:46.723,2024-11-03 21:46:02.318
94c0bf6c-87fb-43e3-8bf7-217a16a0710d,Jeffrey Mendoza,davidwilson,*qsAirxza0kb,taylor66@haas.info,https://placeimg.com/454/738/any,admin,active,2024-10-25 19:24:46.723,2024-11-03 21:46:02.318
0132e4de-ce74-440e-aca0-2379bac53e5e,Steven Williams,stantondaniel,&p(tP4Dm107G,householly@yahoo.com,https://www.lorempixel.com/1022/437,admin,active,2024-10-25 19:24:46.723,2024-11-03 21:46:02.318
d8392eab-c768-4b41-9a45-8bac172a05b3,Emily Montoya,popeheather,(50Xh+Sn^P%a,ronniegates@yahoo.com,https://dummyimage.com/163x343,player,active,2024-10-25 19:24:46.723,2024-11-03 21:46:02.318
2ff89c3a-34c4-4f23-850c-6d3f8fed8d97,Sean White,ejones,Q!87^eJih_j%,tinajohnson@martin.org,https://www.lorempixel.com/738/987,admin,active,2024-10-25 19:24:46.723,2024-11-03 21:46:02.318
ba902b55-2a11-4e4d-b2b3-74960df48fb3,Larry Gibson,lisakaufman,i7JqvX$sO9L@,johnnunez@maxwell.com,https://dummyimage.com/465x762,player,active,2024-10-25 19:24:46.723,2024-11-03 21:46:02.318
47d18180-79b9-4326-9157-95249ee30ec3,Brianna Murphy,kathryn85,ok2W(PpUO)jT,hectorgutierrez@gmail.com,https://placekitten.com/336/202,admin,active,2024-10-25 19:24:46.723,2024-11-03 21:46:02.318
5f3889b7-60fb-43b3-9026-5e396b19d9b2,Jacob Rodriguez,colemanchristy,EM!+HIa^&M!2,cwright@gmail.com,https://www.lorempixel.com/550/353,player,active,2024-10-25 19:24:46.723,2024-11-03 21:46:02.318
8b4b29f1-8d58-4e36-ad0b-7b80f7fbbf58,Sandra Price,poncetyler,yn3dQ(soJ#Wc,matageorge@graves.com,https://placeimg.com/357/979/any,admin,active,2024-10-25 19:24:46.723,2024-11-03 21:46:02.318
2817cf4c-4d9e-4d96-b482-66ffc2dbf010,Miguel Richardson,rflowers,4$N$rp5x&D_$,rickyyoung@beck.com,https://www.lorempixel.com/750/727,player,active,2024-10-25 19:24:46.723,2024-11-03 21:46:02.318
f95282a8-fee8-4209-80b7-76a8229ea0cc,Judy Brown,colemantiffany,h*63*%HoW@0V,fgonzalez@yahoo.com,https://placeimg.com/980/477/any,admin,active,2024-10-25 19:24:46.723,2024-11-03 21:46:02.318
a800b71f-e2a2-4894-8bb4-eed89301e6ce,Jessica Wilkins,bsanchez,@0EHwIus$RUq,lisa81@hotmail.com,https://placeimg.com/65/604/any,admin,active,2024-10-25 19:24:46.723,2024-11-03 21:46:02.318
c42da2ec-3d03-44d0-84b0-b3f12e3e3b62,Christian Martinez,glee,TUX7PReP*Q&b,smithsteven@gonzales-hall.com,https://www.lorempixel.com/218/752,admin,active,2024-10-25 19:24:46.723,2024-11-03 21:46:02.318
511aed8b-3714-42a7-98cd-48e9ac3b1e8f,Jessica Figueroa,mary92,@jDhSoEYN1sL,mmiller@gmail.com,https://www.lorempixel.com/714/794,player,active,2024-10-25 19:24:46.723,2024-11-03 21:46:02.318
7c194e7a-56c2-4c08-9e96-3189fb1c3964,Carrie Barnes,hkelly,UPT^)R!pE6(N,triciabarnes@yahoo.com,https://dummyimage.com/375x267,admin,active,2024-10-25 19:24:46.723,2024-11-03 21:46:02.318
14366d49-e2c1-41b4-bea3-43f3dccc1712,Dwayne Castillo,christian54,^4Xb+Z44Y4Xi,noah30@duncan-dixon.net,https://www.lorempixel.com/492/859,admin,active,2024-10-25 19:24:46.723,2024-11-03 21:46:02.318